dataset	method	n	statistic	p_value	cliff_delta	fdr
GSE184869	delta_singscore	34	3	1.1099335898158979e-6	-0.7889273356401384	1.1099335898158979e-6
GSE125989	delta_singscore	16	42	0.19281005859375003	-0.28125	0.19281005859375003
