dataset	rho	p_value	n	method
GSE184869	0.3775527842943573	2.698157902066231e-4	90	Spearman residual
