feature	spearman_rho	spearman_p	n
Serpin_score_core	-0.046421185704325726	0.6985993320263859	72
Proteo_DeltaFM	0.2966235086530644	0.011402867249028345	72
