dataset	n	spearman_rho	p_value
PXD005719	6		
PXD046330	18	0.19709100744526245	0.4331038992686651
PXD051579	6	0.6	0.20799999999999982
