	mean	scale
Serpin_score_core	3.244487377900001e-17	1.5430940236157738e-15
Proteo_DeltaFM	-9.421687174729925e-16	1.2258916186844553
