feature	coefficient
Serpin_score_core	0.019328638937475554
Proteo_DeltaFM	0.6397053309288403
intercept	-1.2771133681528088
