feature	coef	robust_se	z	p_value	ci_lower	ci_upper
const	-1.2335669564213736	0.28013737017645196	-4.403435913046441	1.0654976935918145e-05	-1.7826362019672195	-0.6844977108755278
Serpin_score_core	-0.04419824507134983	0.09341254796994443	-0.4731510491028535	0.6361054184396497	-0.2272868390924409	0.13889034894974123
Proteo_DeltaFM	0.34129358242972535	0.1769450539440657	1.928811090349053	0.05375431853012805	-0.005518723300643402	0.6881058881600941
THBS1_log	-0.21124038363075964	0.09728689849451519	-2.1713137832497442	0.0299074611186271	-0.4019227046800094	-0.020558062581509884
footprint_index	-0.0951518394523899	0.030757691188833366	-3.093594992817112	0.001977472355401118	-0.1554369141825033	-0.03486676472227651
THBS1_cleave_idx	0.1922058346866391	0.094800464132539	2.0274777813104294	0.042613574463506575	0.006396924986862673	0.3780147443864155
dataset_indicator	-1.8795093326593522	0.6060633655532215	-3.1011762787274146	0.0019275350438938304	-3.0673935291436663	-0.6916251361750381
