feature	spearman_rho	spearman_p	n
Serpin_score_core	-0.012537158190832738	0.916159338293629	73
Proteo_DeltaFM	0.30454763480760927	0.008800928265628895	73
