dataset	sample	Serpin_score_core	Serpin_score_ext	footprint_index	THBS1_cleave_idx	Proteo_DeltaFM	THBS1_log_count	E2F_G2M_score	IL6_STAT3_score	CoOption_score	organ
PXD051579	JIMT1_BR_R1	-2.4605253259813176	1.7445675694156833	-0.8322725542619338	-5.523561956057013	-1.8382106707586925	5.426264754702098	-1.6518536153280698	-2.3450007958880152	7.359059731951217	NonBrain
PXD051579	JIMT1_BR_R3	-3.6238647022714168	-0.6664367318823168	-0.8420476402237638	-5.247927513443585	-2.453711221535557	5.169925001442312	-1.01301032216236	-2.815192991618217	8.275161897340908	NonBrain
PXD051579	SUM190_BR_R1	34.4271193753463	20.28691689192342	-0.7350277899247137	-6.700439718141092	0.100299292101748	6.6293566200796095	-1.685848731826879	-2.6562547846108027	-0.7501000380709532	NonBrain
PXD051579	SUM190_BR_R3	26.86254371183414	16.46533600343496	-0.766327653797549	-6.129283016944966	1.88246428409249	6.087462841250339	-1.0712876647316725	-2.2496378716835794	-0.6900567154237026	NonBrain
PXD051579	SUM190_P_R2	16.680638407927358	11.227880587522453	-0.7820949696558657	-6.554588851677638	1.9204787129124408	6.426264754702098	-1.1794539445005874	-2.4964335875644834	-1.629999611864552	NonBrain
PXD051579	SUM190_P_R3	13.252503164285391	7.61490609573117	-0.7980969541965086	-6.247927513443585	0.3886796031875766	6.169925001442312	-1.0494336612681785	-2.92093104878003	-2.054497073080099	NonBrain
