metric	value
roc_auc	0.85108715512516
average_precision	0.5435903207605987
brier_score	0.018617409347123148
sensitivity@0.5	0.38461538461538464
specificity@0.5	0.995249406175772
